{
    "min": [
        6.671540661977183,
        0.1,
        0.0,
        0.1,
        0.0
    ],
    "max": [
        15201.319640174352,
        34.927842076547556,
        1.0,
        153.56688200041,
        1.0
    ],
    "feature_names": [
        "Packet_Count",
        "Duration_Sec",
        "Source_IP_Entropy",
        "Flow_Rate_MBps",
        "Impossible_IP_Ratio"
    ]
}